Destination,Hotel name,Price,Type of hotel,
Goa,Russels,3000,3 star,
Goa,Hayat,5000,5 star,
Goa,Country  Inn & Suites By Radission,"10,859",3 star,
Goa,Down D Village Wing 2,3091,5 star,  
Goa,Paloma De Goa,4500,5 star,
Goa,Park Inn by radission,9500,4 star,
Goa,Wotel Calangute,2306,3 star,
Munnar,Viceroy Luxury resort,5000,5 star,
Munnar,Elephant Passage resort,3000,3 star,
Munnar,Blanket Hotel,3000,3 star,
Munnar,Mariaariose - Melody of the Sea,3000,3 star,
Munnar,Olive brrok Resort,3000,3 Star,
Munnar,Hotel grand Plaza ,3000,4 star,
Munnar,K - Mansion,3500,3 star,
Hyderabad,CourtYard ,7500,4 star,
Hyderabad,ITC Kaktiya,"13,775",5 star,
Hyderabad,Marriott ,"13,645",5 star,
Hyderabad,Lemon Tree,"6,294",5 star,
Hyderabad,Radission Blue Plaza,"21,250",5 star,
Hyderabad,Urban,3388,3 star,
Hyderabad,Red Fox Hotel,3000,3 star,
Ayodhya,Hotel Ramprastha,1000,3 star,
Ayodhya,Royal Heritage Hotel,11000,3 star,
Ayodhya,Hotel Ramprastha,1000,3 star,
Ayodhya,Shri Ram Sewa Trust,2925,3 star,
Ayodhya,Hanumant Palace,6750,3 star,
Ayodhya,Ayodhya Inn,2925,3 star,
